Model,DIC
Model_7,-5507.3725089358595
Model_5,-2395.369357292594
