Model,DIC
Model_7,-3769.776268116929
Model_5,387.04559538797866
