Model,DIC
Model_7,-13185.944021687057
Model_2,36436.51667285671
