Model,DIC
Model_7,-12951.737318130305
Model_2,39063.23153049052
