Model,DIC
Model_5,-8727.990618820037
Model_4,5520.243118930619
