Model,DIC
Model_5,-4568.041383393955
Model_4,9363.413345228315
